{"metrics.id": "DfpsEPzxXHTUgveVPNFVxyw", "metrics.json": "{\"qi\": 0.01009405406091255, \"vacuum_well\": -0.021611020313946096, \"aspect_ratio\": 7.795513400650317, \"max_elongation\": 7.994727744935367, \"average_triangularity\": 0.6554358723727325, \"axis_magnetic_mirror_ratio\": 0.2098238665089877, \"edge_magnetic_mirror_ratio\": 0.3517834835349602, \"aspect_ratio_over_edge_rotational_transform\": 4.762236037178946, \"flux_compression_in_regions_of_bad_curvature\": 2.0642189328396086, \"axis_rotational_transform_over_n_field_periods\": 0.3285320154327465, \"edge_rotational_transform_over_n_field_periods\": 0.32738878710716846, \"minimum_normalized_magnetic_gradient_scale_length\": 5.033264945800085}", "metrics.aspect_ratio": 7.795513400650317, "metrics.aspect_ratio_over_edge_rotational_transform": 4.762236037178946, "metrics.average_triangularity": 0.6554358723727325, "metrics.axis_magnetic_mirror_ratio": 0.2098238665089877, "metrics.axis_rotational_transform_over_n_field_periods": 0.3285320154327465, "metrics.edge_magnetic_mirror_ratio": 0.3517834835349602, "metrics.edge_rotational_transform_over_n_field_periods": 0.32738878710716846, "metrics.flux_compression_in_regions_of_bad_curvature": 2.0642189328396086, "metrics.max_elongation": 7.994727744935367, "metrics.minimum_normalized_magnetic_gradient_scale_length": 5.033264945800085, "metrics.qi": 0.01009405406091255, "metrics.vacuum_well": -0.021611020313946096, "boundary.json": "{\"r_cos\":[[0.0,0.0,0.0,0.0,0.9994871156625027,0.0007679559754304358,-0.016604757641924782,0.0005577962628848872,2.714019646363977e-6],[0.0009075131407330647,-0.0036262418836543837,-0.025384599426505432,-0.07735636324742266,0.21362558678411941,-0.043046016019591335,0.007048834323017162,-0.0019436948500207022,-0.00014148275563164348],[0.0011192065280635987,0.006254891767271132,0.02522045685902937,0.022215791217253165,-0.01701182445531431,-0.001974151333782386,0.003024509446066352,-0.0008555471856472392,0.00019454938203990917],[-0.0010991916653943744,-0.003039040301184736,-0.0019016939480509573,-0.005215512599246175,-0.005704765698896747,0.002057530261836551,-0.00011494284308065004,0.00016793350200585149,-0.000045783151867308204],[0.00023317011787441175,-0.00020279878452658318,0.00040295872689938923,0.00007219852925969411,0.00013698037512634154,-0.00007044833932633165,0.0002951630791869788,-0.00009083773917949355,-6.269330636492161e-6]],\"z_sin\":[[0.0,0.0,0.0,0.0,0.0,-0.19625533274993348,0.01967467138665914,-0.0022323306491359145,0.0006194477761604159],[-0.0005152441044054715,-0.003820823310981155,-0.034611121021085066,-0.07369732841278012,-0.09472501941864532,0.014400888467469761,-0.004853791685726409,0.0011153369071083407,0.00018119010548950506],[0.0008886214014461183,0.0047645323429742455,0.014033616946715167,-0.01399242101991795,0.01416016244184376,0.0003731189366999862,-0.000792154403539201,-0.00024587194317167004,-0.00004474544143696804],[-0.001112074747146044,-0.00516785585947803,-0.0036563093466202515,0.013665700032176271,0.0012210784695865114,-0.0007206911512159719,-0.0006125018352762122,0.00022508669579762546,-0.0000564124076801604],[0.00015477309027723228,0.0006214526343603964,0.00030922386325661915,0.00003241896207535307,0.00024620452957893634,-0.0006805964281727681,0.00019614708533511878,-0.00005138403786701673,0.00003986290719673516]],\"r_sin\":null,\"z_cos\":null,\"n_field_periods\":5,\"n_periodicity\":1,\"is_stellarator_symmetric\":true}", "boundary.is_stellarator_symmetric": true, "boundary.n_field_periods": 5, "boundary.n_periodicity": 1, "boundary.r_cos": [[0.0, 0.0, 0.0, 0.0, 0.9994871156625027, 0.0007679559754304358, -0.016604757641924782, 0.0005577962628848872, 2.714019646363977e-06], [0.0009075131407330647, -0.0036262418836543837, -0.025384599426505432, -0.07735636324742266, 0.21362558678411941, -0.043046016019591335, 0.007048834323017162, -0.0019436948500207022, -0.00014148275563164348], [0.0011192065280635987, 0.006254891767271132, 0.02522045685902937, 0.022215791217253165, -0.01701182445531431, -0.001974151333782386, 0.003024509446066352, -0.0008555471856472392, 0.00019454938203990917], [-0.0010991916653943744, -0.003039040301184736, -0.0019016939480509573, -0.005215512599246175, -0.005704765698896747, 0.002057530261836551, -0.00011494284308065004, 0.00016793350200585149, -4.5783151867308204e-05], [0.00023317011787441175, -0.00020279878452658318, 0.00040295872689938923, 7.219852925969411e-05, 0.00013698037512634154, -7.044833932633165e-05, 0.0002951630791869788, -9.083773917949355e-05, -6.269330636492161e-06]], "boundary.r_sin": null, "boundary.z_cos": null, "boundary.z_sin": [[0.0, 0.0, 0.0, 0.0, 0.0, -0.19625533274993348, 0.01967467138665914, -0.0022323306491359145, 0.0006194477761604159], [-0.0005152441044054715, -0.003820823310981155, -0.034611121021085066, -0.07369732841278012, -0.09472501941864532, 0.014400888467469761, -0.004853791685726409, 0.0011153369071083407, 0.00018119010548950506], [0.0008886214014461183, 0.0047645323429742455, 0.014033616946715167, -0.01399242101991795, 0.01416016244184376, 0.0003731189366999862, -0.000792154403539201, -0.00024587194317167004, -4.474544143696804e-05], [-0.001112074747146044, -0.00516785585947803, -0.0036563093466202515, 0.013665700032176271, 0.0012210784695865114, -0.0007206911512159719, -0.0006125018352762122, 0.00022508669579762546, -5.64124076801604e-05], [0.00015477309027723228, 0.0006214526343603964, 0.00030922386325661915, 3.241896207535307e-05, 0.00024620452957893634, -0.0006805964281727681, 0.00019614708533511878, -5.138403786701673e-05, 3.986290719673516e-05]], "omnigenous_field_and_targets.id": "DizF8SUgW9v6ov9U4zFX8MA", "omnigenous_field_and_targets.json": "{\"aspect_ratio\": 6.75561906142382, \"major_radius\": 1.0, \"max_elongation\": 5.249204534090255, \"omnigenous_field\": {\"x_lmn\": [[[0.0, 0.0, 0.0, 0.0, 0.0], [0.028290225341817996, -0.20909138007059194, 0.0, 0.0, 0.0], [0.0, 0.0, 0.0, 0.0, 0.0]]], \"n_field_periods\": 5, \"poloidal_winding\": 0, \"torodial_winding\": 5, \"modB_spline_knot_coefficients\": [[0.7326013210221733, 0.7326515784149583, 0.7330858736960136, 0.7343676114764688, 0.736922431317623, 0.7410940101201081, 0.7471291390479781, 0.7551757949310273, 0.7652882212338376, 0.7774359885584131, 0.7915152533529681, 0.8073610744401903, 0.8247600196286082, 0.8434625311496456, 0.86319467871553, 0.8836690427207391, 0.9045945539826955, 0.9256851800580017, 0.9466673975080546, 0.9672864283423329, 0.9873112497942435, 1.0065384113481448, 1.0247947127905306, 1.0419388129152838, 1.0578618510497528, 1.072487173297571, 1.0857692627092974, 1.097691977799528, 1.1082662071701814, 1.1175270496653837, 1.1255306296260899, 1.1323506555537872, 1.1380748279288389, 1.1428011981359112, 1.1466345754844274, 1.149683073218185, 1.1520548772127728, 1.1538553127756417, 1.1551842755906583, 1.1561340823700015, 1.1567877851566777, 1.1572179804039437, 1.157486129858406, 1.1576423947675742, 1.15772596784068, 1.15776586844952, 1.1577821453629706, 1.1577874072248298, 1.1577885729101587, 1.1577886997165376, 1.1577887021551052], [0.0, 0.0, 0.0, 0.0, 0.0, 0.0, 0.0, 0.0, 0.0, 0.0, 0.0, 0.0, 0.0, 0.0, 0.0, 0.0, 0.0, 0.0, 0.0, 0.0, 0.0, 0.0, 0.0, 0.0, 0.0, 0.0, 0.0, 0.0, 0.0, 0.0, 0.0, 0.0, 0.0, 0.0, 0.0, 0.0, 0.0, 0.0, 0.0, 0.0, 0.0, 0.0, 0.0, 0.0, 0.0, 0.0, 0.0, 0.0, 0.0, 0.0, 0.0]]}, \"rotational_transform\": 1.4469798701752479}", "omnigenous_field_and_targets.aspect_ratio": 6.75561906142382, "omnigenous_field_and_targets.major_radius": 1.0,